name,country,year,description,url,kinopoisk,wiki,pic,original
Четыре ночи мечтателя,"Франция, Италия",1971,фильм Робера Брессона по мотивам повести Достоевского «Белые ночи»,http://film46.zogonka.org/video/12012-1_chetyre-nochi-mechtatelya-1971-online.html,https://www.kinopoisk.ru/film/100607/,,https://avatars.mds.yandex.net/get-kinopoisk-image/1898899/040da3da-03aa-459f-bf3b-5d3d824bf172/600x900,Белые ночи
Возлюбленная,Индия,2007,фильм Санджея Лила Бхансалиа по мотивам повести Достоевского «Белые ночи»,http://film46.zogonka.org/video/36935-vozlyublennaya-2007-online.html,https://www.kinopoisk.ru/film/263315/,"https://ru.wikipedia.org/wiki/%D0%92%D0%BE%D0%B7%D0%BB%D1%8E%D0%B1%D0%BB%D0%B5%D0%BD%D0%BD%D0%B0%D1%8F_(%D1%84%D0%B8%D0%BB%D1%8C%D0%BC,_2007)",https://avatars.mds.yandex.net/get-kinopoisk-image/1599028/9f2f1c1d-4f9b-437f-803a-42ce2424c4b7/300x450,Белые ночи
Бесы,Франция,1988,фильм Анджея Вайды,https://adult.noodlemagazine.com/watch/65023081_156089762,https://www.kinopoisk.ru/film/10286/,,https://fs.kinomania.ru/file/film/1/dd/1dd7a395671097926acc59543bef384c.jpeg,Бесы
Бесы,Россия,1992,фильм Игоря и Дмитрия Таланкиных,https://cccp-film.ru/video/sovetskie-filmy/besy-1992.html,https://www.kinopoisk.ru/film/41496/,"https://ru.wikipedia.org/wiki/%D0%91%D0%B5%D1%81%D1%8B_(%D1%84%D0%B8%D0%BB%D1%8C%D0%BC,_1992)",https://upload.wikimedia.org/wikipedia/ru/5/5b/%D0%91%D0%B5%D1%81%D1%8B%D0%9F%D0%BE%D1%81%D1%82%D0%B5%D1%801992.jpg,Бесы
Преступление и наказание,Франция,1956,фильм Жоржа Лампена,https://my.mail.ru/mail/armbruster.a3/video/_myvideo/2077.html,https://www.kinopoisk.ru/film/158905/,"https://ru.wikipedia.org/wiki/%D0%9F%D1%80%D0%B5%D1%81%D1%82%D1%83%D0%BF%D0%BB%D0%B5%D0%BD%D0%B8%D0%B5_%D0%B8_%D0%BD%D0%B0%D0%BA%D0%B0%D0%B7%D0%B0%D0%BD%D0%B8%D0%B5_(%D1%84%D0%B8%D0%BB%D1%8C%D0%BC,_1956)",https://avatars.mds.yandex.net/get-kinopoisk-image/1946459/4dedc74f-07f8-44e1-ad16-5118fa3857c0/1920x,Преступление и наказание
Идиот / L’Idiot,Франция,1946,фильм Жоржа Лампена,https://my.mail.ru/mail/barakin.oleg/video/211/11754.html,https://www.kinopoisk.ru/film/142551/,"https://ru.wikipedia.org/wiki/%D0%98%D0%B4%D0%B8%D0%BE%D1%82_(%D1%84%D0%B8%D0%BB%D1%8C%D0%BC,_1946)",https://s3.afisha.ru/mediastorage/ba/2e/6388c71dbba74e15919d824b2eba.jpg,Идиот
Бесы,Россия,2006,фильм Феликса Шультесса,https://my.mail.ru/mail/blogi93-67/video/18,https://www.kinopoisk.ru/series/280169/,"https://ru.wikipedia.org/wiki/%D0%91%D0%B5%D1%81%D1%8B_(%D1%82%D0%B5%D0%BB%D0%B5%D1%81%D0%B5%D1%80%D0%B8%D0%B0%D0%BB,_2006)",https://upload.wikimedia.org/wikipedia/ru/thumb/8/87/%D0%91%D0%B5%D1%81%D1%8B_%D0%BF%D0%BE%D1%81%D1%82%D0%B5%D1%80_2006.jpeg/266px-%D0%91%D0%B5%D1%81%D1%8B_%D0%BF%D0%BE%D1%81%D1%82%D0%B5%D1%80_2006.jpeg,Бесы
Мёртвый дом (тюрьма народов),СССР,1931,фильм Василия Фёдорова,https://my.mail.ru/mail/golowina/video/5924/8365.html,,https://ru.wikipedia.org/wiki/%D0%9C%D1%91%D1%80%D1%82%D0%B2%D1%8B%D0%B9_%D0%B4%D0%BE%D0%BC,https://upload.wikimedia.org/wikipedia/commons/thumb/2/26/1932_%D0%9C%D0%B5%D1%80%D1%82%D0%B2%D1%8B%D0%B9_%D0%B4%D0%BE%D0%BC%2C_%D0%A2%D1%8E%D1%80%D1%8C%D0%BC%D0%B0_%D0%BD%D0%B0%D1%80%D0%BE%D0%B4%D0%BE%D0%B2.webm/640px--1932_%D0%9C%D0%B5%D1%80%D1%82%D0%B2%D1%8B%D0%B9_%D0%B4%D0%BE%D0%BC%2C_%D0%A2%D1%8E%D1%80%D1%8C%D0%BC%D0%B0_%D0%BD%D0%B0%D1%80%D0%BE%D0%B4%D0%BE%D0%B2.webm.jpg,Записки из Мертвого дома
Раскольников / нем. Raskolnikow (1923),Германия,1923,фильм Роберта Вине,https://my.mail.ru/mail/lixvin/video/13811/13849.html,https://www.kinopoisk.ru/film/222478/,,https://www.kino-teatr.ru/movie/kadr/9821/pv_468432.jpg,Преступление и наказание
Игрок / фр. Le Joueur,"Франция, Италия",1958,фильм Клода Отан-Лары,https://my.mail.ru/mail/ruzanovlev/video/_myvideo/1781.html,https://www.kinopoisk.ru/film/161056/,,https://avatars.mds.yandex.net/get-kinopoisk-image/1900788/5282a4c2-9bdd-4d49-8377-14b5e386dc45/600x900,Игрок
Великий грешник / англ. The great sinner,США,1948,фильм Роберта Сиодмака,https://my.mail.ru/mail/vm_gluschenko/video/52405/217281.html,https://www.kinopoisk.ru/film/11859/,,https://www.kino-teatr.ru/movie/poster/16881/36031.jpg,Игрок
Игрок / (англ. The Gambler),США,1974,фильм Карела Рейша,https://ok.ru/video/1285343283867,https://www.kinopoisk.ru/film/2819/,"https://ru.wikipedia.org/wiki/%D0%98%D0%B3%D1%80%D0%BE%D0%BA_(%D1%84%D0%B8%D0%BB%D1%8C%D0%BC,_1974)",https://m.media-amazon.com/images/M/MV5BYzU1MDBiYTAtZjczOS00OGUyLTkxYWEtNjgyNTA3ZWU5YzgwXkEyXkFqcGdeQXVyMjI4MjA5MzA@._V1_.jpg,Игрок
Братья Карамазовы / The Brothers Karamazov,США,1958,фильм Ричарда Брукса,https://ok.ru/video/1519282162246,https://www.kinopoisk.ru/film/10037/,"https://ru.wikipedia.org/wiki/%D0%91%D1%80%D0%B0%D1%82%D1%8C%D1%8F_%D0%9A%D0%B0%D1%80%D0%B0%D0%BC%D0%B0%D0%B7%D0%BE%D0%B2%D1%8B_(%D1%84%D0%B8%D0%BB%D1%8C%D0%BC,_1958)",https://www.kino-teatr.ru/movie/posters/big/4/19344.jpg,Братья Карамазовы
Братья Карамазовы,СССР,1969,"фильм Ивана Пырьева, Михаила Ульянова и Кирилла Лаврова",https://ok.ru/video/1686545042117,https://www.kinopoisk.ru/film/46217/,"https://ru.wikipedia.org/wiki/%D0%91%D1%80%D0%B0%D1%82%D1%8C%D1%8F_%D0%9A%D0%B0%D1%80%D0%B0%D0%BC%D0%B0%D0%B7%D0%BE%D0%B2%D1%8B_(%D1%84%D0%B8%D0%BB%D1%8C%D0%BC,_1968)",https://upload.wikimedia.org/wikipedia/ru/d/d9/%D0%91%D1%80%D0%B0%D1%82%D1%8C%D1%8F_%D0%9A%D0%B0%D1%80%D0%B0%D0%BC%D0%B0%D0%B7%D0%BE%D0%B2%D1%8B_%D1%84%D0%B8%D0%BB%D1%8C%D0%BC_%D0%BF%D0%BB%D0%B0%D0%BA%D0%B0%D1%82.jpg,Братья Карамазовы
Дядюшкин сон,СССР,1966,фильм Константина Воинова,https://ok.ru/video/2219205724853,https://www.kinopoisk.ru/film/44370/,https://ru.wikipedia.org/wiki/%D0%94%D1%8F%D0%B4%D1%8E%D1%88%D0%BA%D0%B8%D0%BD_%D1%81%D0%BE%D0%BD_(%D1%84%D0%B8%D0%BB%D1%8C%D0%BC),https://avatars.mds.yandex.net/get-kinopoisk-image/1900788/0dac787e-016c-4a14-bad0-375c56cf6699/300x450,Дядюшкин сон
Белые ночи,Россия,1992,фильм Леонида Квинихидзе,https://ok.ru/video/750132923077,https://www.kinopoisk.ru/film/41492/,"https://ru.wikipedia.org/wiki/%D0%91%D0%B5%D0%BB%D1%8B%D0%B5_%D0%BD%D0%BE%D1%87%D0%B8_(%D1%84%D0%B8%D0%BB%D1%8C%D0%BC,_1992)",https://upload.wikimedia.org/wikipedia/ru/7/72/%D0%91%D0%B5%D0%BB%D1%8B%D0%B5_%D0%BD%D0%BE%D1%87%D0%B8_01.jpg,Белые ночи
Преступление и наказание Crime and Punishment,США,1935,фильм Джозефа фон Штернберга,https://ok.ru/video/9920187044,https://www.kinopoisk.ru/film/13005/,,https://avatars.mds.yandex.net/get-kinopoisk-image/1599028/4af1c493-c70d-4e7b-8122-f2c56292cfe1/600x900,Преступление и наказание
Бесы,Россия,2014,сериал Владимира Хотиненко,https://www.culture.ru/movies/1611/besy,https://www.kinopoisk.ru/series/718242/,"https://ru.wikipedia.org/wiki/%D0%91%D0%B5%D1%81%D1%8B_(%D1%82%D0%B5%D0%BB%D0%B5%D1%81%D0%B5%D1%80%D0%B8%D0%B0%D0%BB,_2014)",https://avatars.mds.yandex.net/get-kinopoisk-image/1600647/c986f936-c602-484d-a76e-24daa8d88ae3/1920x,Бесы
Идиот,Россия,1910,фильм Петра Чардынина,https://www.culture.ru/movies/22760/idiot,https://www.kinopoisk.ru/film/40854/,"https://ru.wikipedia.org/wiki/%D0%98%D0%B4%D0%B8%D0%BE%D1%82_(%D1%84%D0%B8%D0%BB%D1%8C%D0%BC,_1910)",https://upload.wikimedia.org/wikipedia/commons/5/50/Idiot_Chardynin.jpg,Идиот
Мальчики,СССР,1990,"фильм-свободная фантазия по мотивам романа Федора Михайловича Достоевского «Братья Карамазовы» Рениты Григорьевой, Юрия Григорьева",https://www.ivi.ru/watch/425620,https://www.kinopoisk.ru/film/421334/,"https://ru.wikipedia.org/wiki/%D0%9C%D0%B0%D0%BB%D1%8C%D1%87%D0%B8%D0%BA%D0%B8_(%D1%84%D0%B8%D0%BB%D1%8C%D0%BC,_1990)",https://avatars.mds.yandex.net/get-kinopoisk-image/1900788/39cfafd5-b0dc-422e-b53e-0eaca6704323/300x450,Братья Карамазовы
Идиот,СССР,1958,фильм Ивана Пырьева,https://www.ivi.ru/watch/54173,https://www.kinopoisk.ru/film/42572/,"https://ru.wikipedia.org/wiki/%D0%98%D0%B4%D0%B8%D0%BE%D1%82_(%D1%84%D0%B8%D0%BB%D1%8C%D0%BC,_1958)",https://upload.wikimedia.org/wikipedia/ru/5/5a/%D0%9F%D0%BE%D1%81%D1%82%D0%B5%D1%80_%D0%BF%D0%B5%D1%80%D0%B2%D0%BE%D0%B9_%D1%87%D0%B0%D1%81%D1%82%D0%B8_%D1%84%D0%B8%D0%BB%D1%8C%D0%BC%D0%B0_%C2%AB%D0%98%D0%B4%D0%B8%D0%BE%D1%82%C2%BB_%281958%29.jpg,Идиот
Идиот,Япония,1951,фильм Акиры Куросавы,https://www.ivi.ru/watch/56253,https://www.kinopoisk.ru/film/161214/,"https://ru.wikipedia.org/wiki/%D0%98%D0%B4%D0%B8%D0%BE%D1%82_(%D1%84%D0%B8%D0%BB%D1%8C%D0%BC,_1951)",https://upload.wikimedia.org/wikipedia/commons/b/b6/Hakuchi_poster.jpg,Идиот
Братья Карамазовы,Россия,2009,сериал Юрия Мороза,https://www.ivi.ru/watch/bratya_karamazovy_2009,https://www.kinopoisk.ru/series/322063/,https://ru.wikipedia.org/wiki/%D0%91%D1%80%D0%B0%D1%82%D1%8C%D1%8F_%D0%9A%D0%B0%D1%80%D0%B0%D0%BC%D0%B0%D0%B7%D0%BE%D0%B2%D1%8B_(%D1%82%D0%B5%D0%BB%D0%B5%D1%81%D0%B5%D1%80%D0%B8%D0%B0%D0%BB),https://avatars.mds.yandex.net/get-kinopoisk-image/1704946/9221d709-9cff-460b-812a-6edfe9810c95/600x900,Братья Карамазовы
Карамазовы,"Чехия, Польша",2008,фильм Петра Зеленки,https://www.youtube.com/watch?v=_JxsCZkgYPw&ab_channel=OLDDVDVIDEOS,https://www.kinopoisk.ru/film/396900/,"https://ru.wikipedia.org/wiki/%D0%9A%D0%B0%D1%80%D0%B0%D0%BC%D0%B0%D0%B7%D0%BE%D0%B2%D1%8B_(%D1%84%D0%B8%D0%BB%D1%8C%D0%BC,_2008)",https://upload.wikimedia.org/wikipedia/ru/thumb/1/1c/Karamazoviplakat.jpg/800px-Karamazoviplakat.jpg,Братья Карамазовы
Белые ночи,Италия,1957,фильм Лукино Висконти,https://www.youtube.com/watch?v=3rPXPQPN6tw,https://www.kinopoisk.ru/film/56806/,"https://ru.wikipedia.org/wiki/%D0%91%D0%B5%D0%BB%D1%8B%D0%B5_%D0%BD%D0%BE%D1%87%D0%B8_(%D1%84%D0%B8%D0%BB%D1%8C%D0%BC,_1957)",https://upload.wikimedia.org/wikipedia/ru/d/d9/%D0%9F%D0%BE%D1%81%D1%82%D0%B5%D1%80_%D1%84%D0%B8%D0%BB%D1%8C%D0%BC%D0%B0_%C2%AB%D0%91%D0%B5%D0%BB%D1%8B%D0%B5_%D0%BD%D0%BE%D1%87%D0%B8%C2%BB.jpg,Белые ночи
Преступление и наказание,СССР,1940,"короткометражный игровой чёрно-белый фильм, снятый в 1940 году режиссёром Павлом Коломойцевым по комедии Михаила Зощенко.",https://www.youtube.com/watch?v=A_8l5-f8rZc&ab_channel=HistoryClub,https://www.kinopoisk.ru/film/43238/,"https://ru.wikipedia.org/wiki/%D0%9F%D1%80%D0%B5%D1%81%D1%82%D1%83%D0%BF%D0%BB%D0%B5%D0%BD%D0%B8%D0%B5_%D0%B8_%D0%BD%D0%B0%D0%BA%D0%B0%D0%B7%D0%B0%D0%BD%D0%B8%D0%B5_(%D1%84%D0%B8%D0%BB%D1%8C%D0%BC,_1940)",https://i.ytimg.com/vi/yVCuIJBoiiM/hqdefault.jpg,Преступление и наказание
Белые ночи. Сентиментальный роман из воспоминаний мечтателя (ТВ),СССР,1987,"телеспектакль Владимира Головина, Андрея Андреева",https://www.youtube.com/watch?v=hmangPoyCoA&ab_channel=%D0%9F%D1%8F%D1%82%D1%8B%D0%B9%D0%BA%D0%B0%D0%BD%D0%B0%D0%BB%D0%A0%D0%BE%D1%81%D1%81%D0%B8%D1%8F,,,https://i.ytimg.com/vi/hmangPoyCoA/hqdefault.jpg,Белые ночи
Петербургская ночь,СССР,1934,фильм Григория Рошаля и Веры Строевой по мотивам повестей Достоевского «Неточка Незванова» и «Белые ночи»,https://www.youtube.com/watch?v=l8WXZGDNuvM&ab_channel=%D0%9A%D0%BB%D0%B0%D1%81%D1%81%D0%B8%D0%BA%D0%B0%D1%81%D0%BE%D0%B2%D0%B5%D1%82%D1%81%D0%BA%D0%BE%D0%B3%D0%BE%D0%BA%D0%B8%D0%BD%D0%BE%28%D0%BE%D1%84%D0%B8%D1%86%D0%B8%D0%B0%D0%BB%D1%8C%D0%BD%D1%8B%D0%B9%D0%BA%D0%B0%D0%BD%D0%B0%D0%BB%29,https://www.kinopoisk.ru/film/42967/,,https://img51994.domkino.tv/img/2008-03-10/fmt_97_peterburgskaya_noch__2.jpg,Белые ночи
Белые ночи,СССР,1959,фильм Ивана Пырьева,https://www.youtube.com/watch?v=NuEQe5i-lFw&ab_channel=%D0%9A%D0%B8%D0%BD%D0%BE%D0%BA%D0%BE%D0%BD%D1%86%D0%B5%D1%80%D0%BD%22%D0%9C%D0%BE%D1%81%D1%84%D0%B8%D0%BB%D1%8C%D0%BC%22,https://www.kinopoisk.ru/film/46079/,"https://ru.wikipedia.org/wiki/%D0%91%D0%B5%D0%BB%D1%8B%D0%B5_%D0%BD%D0%BE%D1%87%D0%B8_(%D1%84%D0%B8%D0%BB%D1%8C%D0%BC,_1959)",https://upload.wikimedia.org/wikipedia/ru/4/43/%D0%91%D0%B5%D0%BB%D1%8B%D0%B5_%D0%BD%D0%BE%D1%87%D0%B8_%D1%84%D0%B8%D0%BB%D1%8C%D0%BC_%D0%BF%D0%BB%D0%B0%D0%BA%D0%B0%D1%82.jpg,Белые ночи
Страх / Fear,США,1946,фильм-интерпретация Альфреда Зейслера,https://youtu.be/FTJkJgAaWCA,https://www.kinopoisk.ru/film/83671/,,https://avatars.mds.yandex.net/get-kinopoisk-image/1629390/d2498b54-2ea1-4dbc-89ff-a5d63a916f41/600x900,Преступление и наказание
Униженные и оскорблённые (ТВ) /Umiliati e offesi,Италия,1958,мини-сериал Витторио Коттафави,,,,,Униженные и оскорблённые
Хозяйка (ТВ) / La logeuse,Франция,1958,фильм Жан-Кристофа Эверти,,,,,Хозяйка
"Дядюшкин сон (фильм, 1959)) (ТВ)[sr]",Югославия,1959,фильм Дэниэла Марусича,,,,,Дядюшкин сон
Идиот[it],Италия,1959,телесериал Джакомо Ваччари[it],,,,,Идиот
Преступление и наказание по-американски / Crime and Punishment U.S.A.,США,1959,фильм-интепрпретация Дениса Сэндерса,,,,,Преступление и наказание
Раскольникофф (ТВ) / Raskolnikoff,ФРГ,1959,фильм Франца Петера Вирта,,,,,Преступление и наказание
Карманник / Pickpocket,Франция,1959,фильм Робера Брессона,,,,,Преступление и наказание
Крокодил[sr] / Krokodil,Югославия,1960,фильм Антона Марти (ТВ),,,,,Крокодил
Кроткая,СССР,1960,фильм Александра Борисова,,,,,Кроткая
История Наташи (ТВ) / L'histoire de Natacha,Франция,1960,фильм Франсуа Гира[en] по мотивам романа Ф. М. Достоевского «Униженные и оскорблённыё»,,,,,Униженные и оскорблённые
Вечный муж (ТВ) / Den evige ektemann,Норвегия,1961,фильм Герхарда Кноопа[nl],,,,,Вечный муж
Из мёртвого дома / Aus einem Totenhaus,ФРГ,1961,"телефильм Теодора Грёдлера[de] по опере Леоша Яначека Из мёртвого дома, которая, в свою очередь поставлена по повести Ф. М. Достоевского «Записки из мёртвого дома»",,,,,Записки из Мертвого дома
Униженные и оскорблённые (ТВ) / De vernederden en de gekrenkten,Бельгия,1961,фильм Сенне Руффара,,,,,Униженные и оскорблённые
Вечный муж (ТВ) / Den evige ?gtemand,Дания,1962,фильм Габриэля Акселя,,,,,Вечный муж
Игрок (ТВ) / (фр. Le Joueur,Франция,1962,фильм Франсуа Гира,,,,,Игрок
Чужая жена и муж под кроватью (ТВ) / Cudza ?ona i m?? pod ???kiem,Польша,1962,фильм Анджея Вайды,,,,,Чужая жена и муж под кроватью
Преступление и наказание[it] (телесериал) / Delitto e castigo,Италия,1963,фильм Антонио Джулио Маджано,,,,,Преступление и наказание
Преступление и наказание| / Crime e Castigo,Бразилия,1963,фильм Луиса Галлона и Ванды Космо[pt] (эпизод сериала Великий театр Тупи[pt]),,,,,Преступление и наказание
Два критических дня (ТВ) / Dva presudna dana,Югославия,1963,фильм Савы Мрмака по повести «Село Степанчиково и его обитатели»,,,,,Село Степанчиково и его обитатели
Вечный муж (ТВ) / O Eterno Marido,Бразилия,1964,фильм Ванды Космо[pt] (эпизод сериала Великий театр Тупи[pt]),,,,,Вечный муж
Враг / Непријатељ,Югославия,1964,фильм Живоина Павловича по мотивам повести Ф. М. Достоеского «Двойник»,,,,,Двойник
Игрок (ТВ) / A j?t?kos,Венгрия,1964,фильм Шандора Сёньи,,,,,Игрок
Нежная / Die Sanfte,ФРГ,1964,фильм Вилли Шмидта,,,,,Кроткая
Преступление и наказание| / Crime and Punishment,Великобритания,1964,фильм Сирила Коука (эпизод сериала ITV Пьеса недели[en]),,,,,Преступление и наказание
"Что-то, о чём нельзя говорить (ТВ) / Nesto o cemu se ne moze govoriti",Югославия,1964,фильм Савы Мрмака[sr]},,,,,Чужая жена и муж под кроватью
Вечный муж (ТВ) / De eeuwige echtgenoot,Бельгия,1965,,,,,,Вечный муж
Дядюшкин сон (ТВ) / Onkelchens Traum,ФРГ,1965,фильм Гюнтера Граверта,,,,,Дядюшкин сон
Игрок[it] (ТВ) / Il giocatore,Италия,1965,фильм Эдмо Фенольо[it],,,,,Игрок
Преступление и наказание / Crimen y castigo,Испания,1965,фильм Альберта Гонсалеса Вергеля[es] (эпизод сериала Первый ряд[es]),,,,,Преступление и наказание
Хозяин села (ТВ) / Il padrone del villaggio,Италия,1965,сериал Эдмо Фенольо[it] по повести «Село Степанчиково и его обитатели»,,,,,Село Степанчиково и его обитатели
Игрок,СССР,1966,фильм-опера Юрия Богатыренко на музыкуСергея Прокофьева,,,,,Игрок
Идиот,Великобритания,1966,телесериал Алана Бриджеса,,,,,Идиот
Убийца / The Murderer,Канада,1966,фильм Пола Элмонда[en] (эпизод сериала Фестиваль[en]),,,,,Преступление и наказание
Скверный анекдот,СССР,1966,фильм-комедия Александра Алова и Владимира Наумова,,,,,Скверный анекдот
Дядюшкин сон (ТВ) / A nagyb?csi ?lma,Венгрия,1967,фильм Енё Хорвата,,,,,Дядюшкин сон
Кроткая / Krotk?,Чехословакия,1967,фильм Станислава Барабаша[sk],,,,,Кроткая
Преступление и наказание (ТВ) / Rikos ja rangaistus,Финляндия,1967,,,,,,Преступление и наказание
Муж под кроватью[pl] (ТВ) / Maz pod l?zkiem,Польша,1967,короткометражный фильм Станислава Ружевича,,,,,Чужая жена и муж под кроватью
Партнёр / Partner,Италия,1968,фильм Бернардо Бертолуччи по мотивам повести Ф. М. Достоеского «Двойник»,,,,,Двойник
Игрок (ТВ) / The Gambler,Великобритания,1968,сериал Майкла Фергюсона[en],,,,,Игрок
Идиот (ТВ) / L’idiot,Франция,1968,фильм Андре Барсака,,,,,Идиот
Идиот / Der Idiot,ФРГ,1968,телесериал Рольф фон Сюдов[de],,,,,Идиот
Странная женщина и мужчина под кроватью (ТВ) / Die fremde Frau und der Mann unterm Bett,ФРГ,1968,фильм Освальда Дёпке[de],,,,,Чужая жена и муж под кроватью
Вечный муж (ТВ) / Der ewige Gatte,ФРГ,1969,фильм Станислава Барабаша[sk],,,,,Вечный муж
Из мёртвого дома / From the House of the Dead,США,1969,"телефильм по опере Леоша Яначека Из мёртвого дома, которая, в свою очередь поставлена по повести Ф. М. Достоевского «Записки из мёртвого дома»",,,,,Записки из Мертвого дома
Кроткая,Франция,1969,фильм-интерпретация Робера Брессона,,,,,Кроткая
Преступление и наказание,СССР,1969,фильм Льва Кулиджанова,,,,,Преступление и наказание
Наставила рога под кроватью / Cuernos debajo de la cama,Мексика,1969,фильм Исмаэля Родригеса[es],,,,,Чужая жена и муж под кроватью
Преступление и наказание / Crimen y castigo,Испания,1970,фильм Альберта Гонсалеса Вергеля[es] (15 эпизодов сериала «Роман»,,,,,Преступление и наказание
Степанчиково / Stepanchicovo (ТВ),Испания,1970,фильм Альфредо Кастеллона[es] (эпизод сериала «Роман»,,,,,Село Степанчиково и его обитатели
Игрок / El jugador,Испания,1971,фильм Антонио Чика (5 эпизодов сериала «Роман»,,,,,Игрок
Нежная женщина (ТВ)/ Een zachtmoedige vrouw,Бельгия,1971,фильм Роланда Верхаверта[fr],,,,,Кроткая
Преступление и наказание (ТВ) / Crime et ch?timent,Франция,1971,фильм Стеллио Лоренци[en],,,,,Преступление и наказание
Преступление и наказание / Cr?men y castigo (ТВ),Аргентина,1971,фильм Алехандро Дория[es] (фрагмент сериала Высокая комедия[es],,,,,Преступление и наказание
Преступление и наказание / Cr?men y castigo (ТВ),Аргентина,1971,фильм Марсело Домингеса (фрагмент сериала Великие романы / Las grandes novelas,,,,,Преступление и наказание
Униженные и оскорблённые (ТВ) / Ponizeni i navredeni,Югославия,1971,фильм Благоя Андреева,,,,,Униженные и оскорблённые
Дядюшкин сон (ТВ) / Str?ckuv sen,Чехословакия,1972,фильм Петра Тучека,,,,,Дядюшкин сон
Игрок,"СССР, Чехословакия",1972,фильм Алексея Баталова,,,,,Игрок
Преступление и наказание ((ТВ) / Zlocin i kazna,Югославия,1972,фильм Савы Мрмака[sr],,,,,Преступление и наказание
Двойник (ТВ) / Hasonm?s,Венгрия,1973,фильм Ласло Немере,,,,,Двойник
Преступление и наказание[en] / Neramu Siksha,Индия,1973,фильм К Вишванатха[en] на язычке телугу,,,,,Преступление и наказание
Село Степанчиково и его обитатели (ТВ),СССР,1973,"телеспектакль актёров МХАТа,, режиссёрыВладимира Богомолов и Феликс Глямшин",,,,,Село Степанчиково и его обитатели
Униженные и оскорблённые / Humillados y ofendidos,Испания,1973,фильм Пилар Миро (эпизод сериала «Роман»,,,,,Униженные и оскорблённые
Преступление и наказание[en],Индия,1974,фильм Нисара Ахмада Ансана на языке хинди,,,,,Преступление и наказание
Дурак-помещик (ТВ) / Narri kartanon valtiaana,Финляндия,1974,фильм Эйя-Элины Бергхольм[fi] по мотивам повести «Село Степанчиково и его обитатели»,,,,,Село Степанчиково и его обитатели
Идиот / El idiota,Испания,1976,фильм Антонио Чика (20 эпизодов сериала «Роман»,,,,,Идиот
Убийца-музыкант[fr] / L'Assassin musicien,Франция,1976,фильм Бенуа Жако по отивам повести ф. М. Достоевского «Неточка Незванова»,,,,,Неточка Незванова
Склони голову во имя справедливости[en] / Needhikku Thalaivanangu,Индия,1976,фильм П. Неелакантана[en] на тамильсеом языке (римейк фильма Преступление и наказание[en] 1973 года),,,,,Преступление и наказание
Месть / A bossz? (ТВ),Венгрия,1977,фильм Дьёрдя Фехера по повести Ф. М. Достоевского «Записки из подполья»,,,,,Записки из подполья
Униженные и оскорблённые,Мексика,1977,телесериал Рауля Арайсы (148 серий),,,,,Униженные и оскорблённые
Дядюшкин сон (ТВ) / Str?ckuv sen,Чехословакия,1979,фильм Петра Милоса на словацком языке,,,,,Дядюшкин сон
Идол из Мордасова / Das Idol von Mordassow (ТВ),ГДР,1979,фильм Вольфа-Дитера Панзе[en],,,,,Дядюшкин сон
Идиот,СССР,1979,телеспектакль Александры Ремизовой (театр имени Вахтангова),,,,,Идиот
Преступление и наказание[en] / Shikshaa,Индия,1979,фильм С. Раманатана[en] на языке хинди (римейк фильма Преступление и наказание[en] 1973 года),,,,,Преступление и наказание
Преступление и наказание / Crime and Punishment,Великобритания,1979,сериал Майкла Дарлоу[en],,,,,Преступление и наказание
Униженные и оскорблённые,"СССР, ТО «Экран»",1979,телеспектакль Евгения Велихова и Марии Муат артистов Малого театра,,,,,Униженные и оскорблённые
Твоё твоего / Teu Tua (сегмент «Мужчина под кроватью» / Um Homem Debaixo da Cama,Бразилия,1979,фильм Домингуша ди Оливейра[en],,,,,Чужая жена и муж под кроватью
Дядюшкин сон,СССР,1981,"телеспектакль, трагикомедия по одноимённой повести Ф. М. Достоевского, реж. Александр Орлов",,,,,Дядюшкин сон
Подпольный человек[es] / El hombre del subsuelo,Аргентина,1981,фильм Николаса Саркиса[es] по повести Ф. М. Достоевского «Записки из подполья»,,,,,Записки из подполья
Крокодил / Krokod?l,Чехословакия,1983,фильм Мартина Хоффмайстера,,,,,Крокодил
Подросток,СССР,1983,фильм Евгения Ташкова,,,,,Подросток
Преступление и наказание,Финляндия,1983,фильм Аки Каурисмяки,,,,,Преступление и наказание
Преступление и наказание / Delitto e castigo,Италия,1983,сериал Марио Миссироли[it],,,,,Преступление и наказание
Двое мужчин под кроватью / K?t f?rfi az ?gy alatt (ТВ),Венгрия,1983,фильм Тивадара Хорвата,,,,,Чужая жена и муж под кроватью
Современники / Aikalainen,Финляндия,1984,фильм Тимо Линнасало[fi] по повести Ф. М. Достоевского «Записки из подполья»,,,,,Записки из подполья
Идиот / To pathos,Греция,1984,сериал,,,,,Идиот
Чужая жена и муж под кроватью,СССР,1984,фильм Виталия Мельникова,,,,,Чужая жена и муж под кроватью
Шальная любовь,Франция,1985,фильм Анджея Жулавского,,,,,Идиот
Кроткая,Польша,1985,рисованный мультипликационный фильм Петра Думала,,,,,Кроткая
День и ночь / Jour et nuit,"Франция, Швейцария",1986,фильм Жана-Бернару Мену по повести Ф. М. Достоевского «Записки из подполья»,,,,,Записки из подполья
Село Степанчиково и его обитатели,Венгрия,1986,фильм Шандора Михалифи,,,,,Село Степанчиково и его обитатели
Преступление и наказание (ТВ) / Zbrodnia i kara,Польша,1987,фильм Анджея Вайды,,,,,Преступление и наказание
Двойник (ТВ),СССР,1989,фильм Юрия Маляцкого,,,,,Двойник
Село Степанчиково и его обитатели,СССР,1989,телефильм Льва Цуцульковского,,,,,Село Степанчиково и его обитатели
Посещение,СССР,1989,фильм Валерия Ткачёва по мотивам повести Ф. М. Достоевского «Сон смешного человека»,,,,,Сон смешного человека
Вечный муж,Россия,1990,фильм Евгения Марковского,,,,,Вечный муж
Месть женщины[fr] / La vengeance d'une femme,Франция,1990,фильм Жака Дуайона по мотивам повести Ф. М. Достоевского «Вечный муж»,,,,,Вечный муж
Униженные и оскорблённые,"СССР, Швейцария, Италия",1990,фильм Андрея Эшпая,,,,,Униженные и оскорблённые
Крокодил (мультфильм),Украина,1991,рисованный мультипликационный фильм Михаила Титова,,,,,Крокодил
Дезертир[sr] / Дезертер,Югославия,1992,фильм Живоина Павловича,,,,,Вечный муж
Идиот[en],Индия,1992,фильм / минисериал Мани Каула[en],,,,,Идиот
Кроткая,"Россия, Грузия, Италия",1992,фильм Автандила Варсимашвили,,,,,Кроткая
Сон смешного человека,Россия,1992,мультфильм Александра Петрова,,,,,Сон смешного человека
Вечный муж,Франция,1993,фильм Дени Гранье-Дефер,,,,,Вечный муж
Игрок (венг.) (англ. The Gambler),Венгрия,1997,фильм Мака Каролы,,,,,Игрок
Кроткая,Россия,2000,фильм Евгения Ростовского,,,,,Кроткая
Даун Хаус,Россия,2001,фильм-интерпретация Романа Качанова,,,,,Идиот
Преступление и наказание,Польша,2002,рисованный мультипликационный фильм Петра Думала,,,,,Преступление и наказание
Идиот,Россия,2003,телесериал Владимира Бортко,,,,,Идиот
Преступление и наказание,Великобритания,2003,фильм Джулиана Джаролда,,,,,Преступление и наказание
Игроки / нем. Die Spieler Игроки,Германия,2007,фильм Себастиана Биньека (нем.),,,,,Игрок
Преступление и наказание,Россия,2007,телесериал Дмитрия Светозарова,,,,,Преступление и наказание
Внутри,Турция,2012,фильм Зеки Демиркубуза,,,,,Записки из подполья
Студент,Казахстан,2012,фильм Дарежана Омирбаева,,,,,Преступление и наказание
Двойник,Великобритания,2013,"фильм Ричарда Айоади, вольная интерпретация одноимённого произведения",,,,,Двойник
Кроткая,Украина,2017,фильм Сергея Лозницы,,,,,Кроткая
